prop_id,holder,title,source,caption
O01,Frankie Lowell,The First R Letter,print/props-flat/O01.png,"A facsimile of the letter and envelope you remember reaching your desk fifteen years ago. The original stays in Veridian's storage."
O12a,Frankie Lowell,Early R clippings,print/props-flat/O12a.png,"Two early R pieces from your scrapbook, with your own note in the margin."
O02,Tessa Quill,Night Desk routing slip,print/props-flat/O02.png,"A working copy from the Night Desk. On the night, the contributor initials will be covered with tape. Peel back one row at a time, and only when someone gives you something for it."
O12b,Tessa Quill,Middle-years draft page,print/props-flat/O12b.png,"A draft page marked up by three different hands."
O14,Tessa Quill,Night Desk payment strip,print/props-flat/O14.png,"The recovered payment extract for the payee called SORREL. It proves payment, never identity."
O03,Jules Kwan,The succession message,print/props-flat/O03.png,"The printed message that names you as R's successor."
O07b,Dr. Nina Sen,Calendar recovery: your half,print/props-flat/O07b.png,"Your authorization half of the deleted-calendar recovery."
O03b,Eli Navarro,Succession message header,print/props-flat/O03b.png,"The header extract of the message Jules received. Note what it says it cannot attest."
O05a,Eli Navarro,Continuity log: capability,print/props-flat/O05a.png,"The first of your three log cards. Keep the three apart; each carries its own limit line."
O05b,Eli Navarro,Continuity log: access,print/props-flat/O05b.png,"The second log card."
O05c,Eli Navarro,Continuity log: activity,print/props-flat/O05c.png,"The third log card."
O10b,Eli Navarro,Intervention notice: system event,print/props-flat/O10b.png,"The system-event record. Dee holds the physical notice, and it stays with Dee."
O16a,Grace Okafor,Instruction sheets 1 and 2,print/props-flat/O16a.png,"On the night these are cut into separate sheets, so you can show one at a time."
O16b,Grace Okafor,Instruction sheets 3 and 4,print/props-flat/O16b.png,"The later two sheets."
O04,Robin Velez,Commission card,print/props-flat/O04.png,"Your calling card, with your handwritten account of the commission."
O12c,Robin Velez,Late R clippings,print/props-flat/O12c-with-stickies.png,"Two recent R pieces that were forwarded to you, sticky notes included."
O06,Tony Calderón,Account strip,print/props-flat/O06.png,"The strip from the R-associated account at your counter."
O10a,Dee Nowak,Building claims notice,print/props-flat/O10a.png,"The claims notice the building received nine days before the party."
O07a,Celeste Park,Calendar recovery: city half,print/props-flat/O07a.png,"Your half of the deleted-calendar recovery."
O17a,Graham Pike,Fragment A,print/props-flat/O17a.png,"The first alleged fragment of the article."
O17b,Graham Pike,Fragment B,print/props-flat/O17b.png,"The second. They cannot both come from one document."
O09,Sam Vale,The sealed envelope,print/props/O09.png,"On the night it is truly sealed, with the two items below inside. Whether it is ever opened is your choice."
O09a,Sam Vale,Inside the envelope: first item,print/props-flat/O09a.png,"The first of two loose items. You may show one and keep the other back."
O09b,Sam Vale,Inside the envelope: second item,print/props-flat/O09b.png,"The second loose item."
O08,Morgan Shaw,Route board,print/props-flat/O08-with-stickies.png,"Your board of Vale's movements, with your own sticky notes. Printed large on the night."
O11,Kit Rakes,Theory notebook,print/props/O11.png,"Six theories. Leave the space beside five and six blank. You will want it later."
O13,Kit Rakes,Tip-line draft page,print/props-flat/O13-with-stickies.png,"The page your tip line received three weeks ago. No byline, no date."
O15a,Arden Bell,Archive intake report,print/props-flat/O15a.png,"Veridian's intake report on Frankie's letter."
O15b,Arden Bell,Priya's private note,print/props-flat/O15b.png,"Priya's note to you about the expense binder. Keep it apart from the formal report."
O18,Rosa Baptiste,Yaz's list of four asks,print/props-flat/O18.png,"Yaz's note: the four things the block wants in writing, in order."
